-- MySQL dump 10.13  Distrib 8.0.45, for Win64 (x86_64)
--
-- Host: localhost    Database: our_helltrain
-- ------------------------------------------------------
-- Server version	8.0.45

/*!40101 SET @OLD_CHARACTER_SET_CLIENT=@@CHARACTER_SET_CLIENT */;
/*!40101 SET @OLD_CHARACTER_SET_RESULTS=@@CHARACTER_SET_RESULTS */;
/*!40101 SET @OLD_COLLATION_CONNECTION=@@COLLATION_CONNECTION */;
/*!50503 SET NAMES utf8 */;
/*!40103 SET @OLD_TIME_ZONE=@@TIME_ZONE */;
/*!40103 SET TIME_ZONE='+00:00' */;
/*!40014 SET @OLD_UNIQUE_CHECKS=@@UNIQUE_CHECKS, UNIQUE_CHECKS=0 */;
/*!40014 SET @OLD_FOREIGN_KEY_CHECKS=@@FOREIGN_KEY_CHECKS, FOREIGN_KEY_CHECKS=0 */;
/*!40101 SET @OLD_SQL_MODE=@@SQL_MODE, SQL_MODE='NO_AUTO_VALUE_ON_ZERO' */;
/*!40111 SET @OLD_SQL_NOTES=@@SQL_NOTES, SQL_NOTES=0 */;

--
-- Table structure for table `announcement`
--

DROP TABLE IF EXISTS `announcement`;
/*!40101 SET @saved_cs_client     = @@character_set_client */;
/*!50503 SET character_set_client = utf8mb4 */;
CREATE TABLE `announcement` (
  `id` int NOT NULL AUTO_INCREMENT,
  `title` varchar(45) NOT NULL,
  `img_path` varchar(500) NOT NULL,
  `shelf_date` date NOT NULL,
  `removal_date` date NOT NULL,
  `publish` tinyint NOT NULL DEFAULT '0',
  `content` varchar(300) DEFAULT NULL,
  PRIMARY KEY (`id`)
) ENGINE=InnoDB AUTO_INCREMENT=5 DEFAULT CHARSET=utf8mb4 COLLATE=utf8mb4_0900_ai_ci;
/*!40101 SET character_set_client = @saved_cs_client */;

--
-- Dumping data for table `announcement`
--

LOCK TABLES `announcement` WRITE;
/*!40000 ALTER TABLE `announcement` DISABLE KEYS */;
INSERT INTO `announcement` VALUES (1,'測試','https://res.cloudinary.com/df8kviidh/image/upload/v1781490284/ershougo/ujtn2cpdyckwv4hefit7.jpg','2026-06-15','2026-06-15',0,NULL),(2,'測試','https://res.cloudinary.com/df8kviidh/image/upload/v1781490286/ershougo/hysqbmkmldwfqu7xthvx.jpg','2026-06-15','2026-06-15',0,NULL),(3,'測試公告','https://res.cloudinary.com/df8kviidh/image/upload/v1781681649/ershougo/jpz9l7ktlbvatq3rjxlo.jpg','2026-06-17','2026-06-23',1,'測試公告，此公告留存不只三天三夜YA'),(4,'平台開服公告','https://res.cloudinary.com/df8kviidh/image/upload/v1781942593/ershougo/aoorrxywfykknwdotty2.jpg','2026-06-20','2026-07-11',1,'二手GO於今日正式上線開站了！\n\n不論您是想尋找高性價比好物的買家，還是希望讓資產/商品發揮最大價值的賣家，二手GO都將是您最值得信賴的全新首選。');
/*!40000 ALTER TABLE `announcement` ENABLE KEYS */;
UNLOCK TABLES;

--
-- Table structure for table `chat_message`
--

DROP TABLE IF EXISTS `chat_message`;
/*!40101 SET @saved_cs_client     = @@character_set_client */;
/*!50503 SET character_set_client = utf8mb4 */;
CREATE TABLE `chat_message` (
  `message_id` int NOT NULL AUTO_INCREMENT,
  `room_id` int NOT NULL,
  `sender_id` int NOT NULL,
  `message_content` varchar(1000) NOT NULL,
  `is_read` tinyint NOT NULL DEFAULT '0',
  `created_at` datetime NOT NULL DEFAULT CURRENT_TIMESTAMP,
  PRIMARY KEY (`message_id`)
) ENGINE=InnoDB AUTO_INCREMENT=6 DEFAULT CHARSET=utf8mb4 COLLATE=utf8mb4_0900_ai_ci;
/*!40101 SET character_set_client = @saved_cs_client */;

--
-- Dumping data for table `chat_message`
--

LOCK TABLES `chat_message` WRITE;
/*!40000 ALTER TABLE `chat_message` DISABLE KEYS */;
INSERT INTO `chat_message` VALUES (1,2,4,'你好，這邊對資料傳遞相關知識十分感興趣，請務必與我交易',1,'2026-06-21 16:52:49'),(2,2,1,'可以是可以...但您的科系',1,'2026-06-21 16:55:09'),(3,2,4,'請放心，我只會自用不會拿去做其他事，還是需要我提供相關證據?',1,'2026-06-21 16:58:41'),(4,2,1,'是不需要這麼誇張啦，好吧，那晚上八點在三連門口面交可以嗎?',1,'2026-06-21 17:01:47'),(5,2,4,'OK，到時候見',1,'2026-06-21 17:02:01');
/*!40000 ALTER TABLE `chat_message` ENABLE KEYS */;
UNLOCK TABLES;

--
-- Table structure for table `chat_room`
--

DROP TABLE IF EXISTS `chat_room`;
/*!40101 SET @saved_cs_client     = @@character_set_client */;
/*!50503 SET character_set_client = utf8mb4 */;
CREATE TABLE `chat_room` (
  `room_id` int NOT NULL AUTO_INCREMENT,
  `product_id` int DEFAULT NULL,
  `initiator_id` int NOT NULL,
  `receiver_id` int NOT NULL,
  `created_at` datetime NOT NULL DEFAULT CURRENT_TIMESTAMP,
  PRIMARY KEY (`room_id`)
) ENGINE=InnoDB AUTO_INCREMENT=8 DEFAULT CHARSET=utf8mb4 COLLATE=utf8mb4_0900_ai_ci;
/*!40101 SET character_set_client = @saved_cs_client */;

--
-- Dumping data for table `chat_room`
--

LOCK TABLES `chat_room` WRITE;
/*!40000 ALTER TABLE `chat_room` DISABLE KEYS */;
INSERT INTO `chat_room` VALUES (1,0,1,3,'2026-06-15 09:57:12'),(2,87,4,1,'2026-06-20 14:35:12'),(3,0,0,3,'2026-06-20 16:41:00'),(4,0,0,1,'2026-06-20 16:41:29'),(5,0,0,4,'2026-06-20 16:41:43'),(6,0,0,9,'2026-06-20 16:52:36'),(7,5,4,5,'2026-06-20 16:56:47');
/*!40000 ALTER TABLE `chat_room` ENABLE KEYS */;
UNLOCK TABLES;

--
-- Table structure for table `collect`
--

DROP TABLE IF EXISTS `collect`;
/*!40101 SET @saved_cs_client     = @@character_set_client */;
/*!50503 SET character_set_client = utf8mb4 */;
CREATE TABLE `collect` (
  `user_id` int NOT NULL,
  `collect_id` int NOT NULL,
  `product_id` int NOT NULL,
  PRIMARY KEY (`user_id`,`collect_id`)
) ENGINE=InnoDB DEFAULT CHARSET=utf8mb4 COLLATE=utf8mb4_0900_ai_ci;
/*!40101 SET character_set_client = @saved_cs_client */;

--
-- Dumping data for table `collect`
--

LOCK TABLES `collect` WRITE;
/*!40000 ALTER TABLE `collect` DISABLE KEYS */;
/*!40000 ALTER TABLE `collect` ENABLE KEYS */;
UNLOCK TABLES;

--
-- Table structure for table `department`
--

DROP TABLE IF EXISTS `department`;
/*!40101 SET @saved_cs_client     = @@character_set_client */;
/*!50503 SET character_set_client = utf8mb4 */;
CREATE TABLE `department` (
  `department_id` int NOT NULL AUTO_INCREMENT,
  `department` varchar(45) NOT NULL,
  PRIMARY KEY (`department_id`)
) ENGINE=InnoDB DEFAULT CHARSET=utf8mb4 COLLATE=utf8mb4_0900_ai_ci;
/*!40101 SET character_set_client = @saved_cs_client */;

--
-- Dumping data for table `department`
--

LOCK TABLES `department` WRITE;
/*!40000 ALTER TABLE `department` DISABLE KEYS */;
/*!40000 ALTER TABLE `department` ENABLE KEYS */;
UNLOCK TABLES;

--
-- Table structure for table `manager`
--

DROP TABLE IF EXISTS `manager`;
/*!40101 SET @saved_cs_client     = @@character_set_client */;
/*!50503 SET character_set_client = utf8mb4 */;
CREATE TABLE `manager` (
  `email` varchar(45) NOT NULL,
  `name` varchar(45) NOT NULL,
  `password` varchar(60) NOT NULL,
  `founding_date` date DEFAULT NULL,
  PRIMARY KEY (`email`)
) ENGINE=InnoDB DEFAULT CHARSET=utf8mb4 COLLATE=utf8mb4_0900_ai_ci;
/*!40101 SET character_set_client = @saved_cs_client */;

--
-- Dumping data for table `manager`
--

LOCK TABLES `manager` WRITE;
/*!40000 ALTER TABLE `manager` DISABLE KEYS */;
INSERT INTO `manager` VALUES ('k@ershougo.edu.tw','admin','$2a$10$u.OMavdTY8vVaq1lvckjV.YHed/IR5LkViDD/qPJu6WRC9bN9C3Le',NULL);
/*!40000 ALTER TABLE `manager` ENABLE KEYS */;
UNLOCK TABLES;

--
-- Table structure for table `order`
--

DROP TABLE IF EXISTS `order`;
/*!40101 SET @saved_cs_client     = @@character_set_client */;
/*!50503 SET character_set_client = utf8mb4 */;
CREATE TABLE `order` (
  `order_id` int NOT NULL AUTO_INCREMENT,
  `buyer_id` int NOT NULL,
  `product_id` int NOT NULL,
  `create_date` date NOT NULL,
  `status` varchar(45) NOT NULL,
  `buyer_check` tinyint NOT NULL,
  `seller_check` tinyint NOT NULL,
  `buyer_rank` float DEFAULT '0',
  `salesman_rank` float DEFAULT '0',
  PRIMARY KEY (`order_id`)
) ENGINE=InnoDB AUTO_INCREMENT=19 DEFAULT CHARSET=utf8mb4 COLLATE=utf8mb4_0900_ai_ci;
/*!40101 SET character_set_client = @saved_cs_client */;

--
-- Dumping data for table `order`
--

LOCK TABLES `order` WRITE;
/*!40000 ALTER TABLE `order` DISABLE KEYS */;
INSERT INTO `order` VALUES (1,1,35,'2026-06-02','已取消',0,0,0,0),(2,2,34,'2026-06-02','已取消',0,0,0,0),(3,3,34,'2026-06-02','完成交易',1,1,5,0),(4,5,34,'2026-06-02','已取消',0,0,0,0),(5,4,34,'2026-06-02','已取消',0,0,0,0),(6,4,35,'2026-06-03','請求回應中',0,0,0,0),(7,6,36,'2026-06-03','請求回應中',0,0,0,0),(8,10,36,'2026-06-03','請求回應中',0,0,0,0),(9,8,62,'2026-06-03','訂單成立',0,0,0,0),(10,9,81,'2026-06-03','訂單成立',0,0,0,0),(11,1,13,'2026-06-15','請求回應中',0,0,0,0),(12,1,38,'2026-06-15','訂單成立',0,0,0,0),(13,3,80,'2026-06-15','請求回應中',0,0,0,0),(14,3,1,'2026-06-15','完成交易',1,1,1,0),(15,1,5,'2026-06-17','請求回應中',0,0,0,0),(16,4,87,'2026-06-21','完成交易',1,1,5,5),(18,1,4,'2026-06-22','已取消',0,0,0,0);
/*!40000 ALTER TABLE `order` ENABLE KEYS */;
UNLOCK TABLES;

--
-- Table structure for table `product`
--

DROP TABLE IF EXISTS `product`;
/*!40101 SET @saved_cs_client     = @@character_set_client */;
/*!50503 SET character_set_client = utf8mb4 */;
CREATE TABLE `product` (
  `product_id` int NOT NULL AUTO_INCREMENT,
  `user_id` int NOT NULL,
  `product_name` varchar(45) NOT NULL,
  `description` varchar(1000) NOT NULL,
  `price` int NOT NULL,
  `img_path` varchar(2000) DEFAULT NULL,
  `type` varchar(2000) DEFAULT NULL,
  `shelf_date` date DEFAULT NULL,
  `product_condition` varchar(500) NOT NULL,
  `status` varchar(45) DEFAULT NULL,
  `grade` varchar(45) DEFAULT NULL,
  `location` varchar(255) DEFAULT NULL,
  `dept_group` varchar(2000) DEFAULT NULL,
  PRIMARY KEY (`product_id`)
) ENGINE=InnoDB AUTO_INCREMENT=90 DEFAULT CHARSET=utf8mb4 COLLATE=utf8mb4_0900_ai_ci;
/*!40101 SET character_set_client = @saved_cs_client */;

--
-- Dumping data for table `product`
--

LOCK TABLES `product` WRITE;
/*!40000 ALTER TABLE `product` DISABLE KEYS */;
INSERT INTO `product` VALUES (1,1,'極簡後背包','全新未使用，容量大適合上課',350,'[\"https://res.cloudinary.com/df8kviidh/image/upload/v1782108225/da8e2c85a0a173593ec283ba2ea290e8e104b091a47cea61997cab468992_pss9ni.jpg\"]','[\"日用品\",\"背包\",\"生活用品\",\"服飾配件\"]','2026-06-01','全新','販售中','[\"大一\"]','[\"高雄市\"]','[\"不拘\",\"管理學群\"]'),(2,2,'MacBook Air M1','正常使用，電池健康度良好',18000,'[\"https://res.cloudinary.com/df8kviidh/image/upload/v1782108291/images_xv9j0t.jpg\"]','[\"3C\",\"筆電\",\"3C電子\"]','2026-06-01','近全新','販售中','[\"大三\"]','[\"台北市\"]','[\"資訊學群\",\"工程學群\"]'),(3,3,'微積分課本','期末考必備，有少量筆記',200,'[\"https://res.cloudinary.com/df8kviidh/image/upload/v1782091541/B418e2-9786263921146-web_hn6g8v.jpg\"]','[\"書籍\",\"課本\",\"教科書\"]','2026-06-01','輕度使用','已下架','[\"大一\"]','[\"台中市\"]','[\"數理化學群\"]'),(4,4,'藍芽耳機','功能正常，續航力佳',900,'[\"https://res.cloudinary.com/df8kviidh/image/upload/v1782108525/image-1-1024x1024_p8tbbd.png\"]','[\"3C\",\"耳機\",\"3C電子\"]','2026-06-01','中度使用','販售中','[\"大二\"]','[\"台南市\"]','[\"資訊學群\"]'),(5,5,'人體解剖學','醫學系指定教材',650,'[\"https://res.cloudinary.com/df8kviidh/image/upload/v1782091541/B418e2-9786263921146-web_hn6g8v.jpg\"]','[\"書籍\",\"醫學\",\"教科書\",\"專業器材\"]','2026-06-01','近全新','販售中','[\"大二\"]','[\"高雄市\"]','[\"醫藥衛生學群\"]'),(6,6,'宿舍小冰箱','可正常冷藏飲料',2500,'[\"https://res.cloudinary.com/df8kviidh/image/upload/v1782108641/W1siZiIsIjE2NDA0L3Byb2R1Y3RzLzM5MDM4NDE5LzE2NzEwODU3NjBfZmU0ZWI2ZmViNWRiMDZlOTIyOTguanBlZyJdLFsicCIsInRodW1iIiwiNjAweDYwMCJdXQ_mw3glw.jpg\"]','[\"家電\",\"冰箱\",\"家具家電\"]','2026-06-01','專題完成後出售','販售中','[\"大四以上\"]','[\"新竹市\"]','[\"不拘\"]'),(7,7,'無線滑鼠','反應靈敏，電池剛換新',400,'[\"https://res.cloudinary.com/df8kviidh/image/upload/v1782108698/800x_x51atg.jpg\"]','[\"3C\",\"滑鼠\",\"3C電子\"]','2026-06-01','近全新','販售中','[\"大三\"]','[\"台北市\"]','[\"資訊學群\"]'),(8,8,'統計學原文書','保存良好',300,'[\"https://res.cloudinary.com/df8kviidh/image/upload/v1782108781/a06a2bb6d42dcc426271e20fd6f216c5_htwjr3.jpg\"]','[\"書籍\",\"統計\",\"教科書\"]','2026-06-01','輕度使用','販售中','[\"大二\"]','[\"桃園市\"]','[\"管理學群\"]'),(9,9,'電腦椅','坐感舒適，無損壞',1200,'[\"https://res.cloudinary.com/df8kviidh/image/upload/v1782108872/000001_1701834991_sqrt9l.jpg\",\"https://res.cloudinary.com/df8kviidh/image/upload/v1782108921/l000002_1701834993_jdzvw6.jpg\",\"https://res.cloudinary.com/df8kviidh/image/upload/v1782108961/l000004_1701834993_p1dhcf.jpg\"]','[\"家具\",\"椅子\",\"家具家電\"]','2026-06-01','中度使用','販售中','[\"大四以上\"]','[\"台中市\"]','[\"不拘\"]'),(10,10,'Arduino 開發板','專題做完出售',500,'[\"https://res.cloudinary.com/df8kviidh/image/upload/v1782109020/UNOR3_1-scaled_s7upoy.jpg\"]','[\"3C\",\"開發板\",\"3C電子\",\"專業器材\"]','2026-06-01','輕度使用','販售中','[\"大三\"]','[\"台北市\"]','[\"工程學群\",\"資訊學群\"]'),(11,1,'TOEIC 單字書','九成新',180,'[\"https://res.cloudinary.com/df8kviidh/image/upload/v1782109074/images_hp0ku4.jpg\",\"https://res.cloudinary.com/df8kviidh/image/upload/v1782109114/images_bubjdp.jpg\"]','[\"書籍\",\"語言\",\"教科書\"]','2026-06-01','近全新','販售中','[\"大一\"]','[\"新竹市\"]','[\"外語學群\"]'),(12,2,'藍牙喇叭','音質佳，宿舍聚會很好用',850,'[\"https://res.cloudinary.com/df8kviidh/image/upload/v1782109261/images_kcrwnq.jpg\"]','[\"3C\",\"音響\",\"3C電子\"]','2026-06-01','輕度使用','販售中','[\"大三\"]','[\"高雄市\"]','[\"資訊學群\"]'),(13,3,'折疊桌','租屋神器',450,'[\"https://res.cloudinary.com/df8kviidh/image/upload/v1782109377/W1siZiIsIjE2NDA0L3Byb2R1Y3RzLzQ4MDQxODQyLzE3MjQxMzgzODBfZTI2ODUyOTIwMWM0NDM3MzhlNjYuanBlZyJdLFsicCIsInRodW1iIiwiNjAweDYwMCJdXQ_z6frrp.jpg\"]','[\"家具\",\"桌子\",\"家具家電\"]','2026-06-01','中度使用','販售中','[\"大二\"]','[\"台南市\"]','[\"不拘\"]'),(14,4,'攝影腳架','穩定耐用',700,'[\"https://res.cloudinary.com/df8kviidh/image/upload/v1782109497/images_lfilbf.jpg\"]','[\"3C\",\"攝影\",\"3C電子\",\"專業器材\"]','2026-06-01','輕度使用','販售中','[\"大四以上\"]','[\"台北市\"]','[\"大眾傳播學群\"]'),(15,5,'瑜珈墊','厚實好收納',350,'[\"https://res.cloudinary.com/df8kviidh/image/upload/v1782109547/images_iphp4m.jpg\"]','[\"運動\",\"健身\",\"戶外運動\"]','2026-06-01','近全新','販售中','[\"大三\"]','[\"高雄市\"]','[\"遊憩與運動學群\"]'),(22,1,'資料結構課本','附重點筆記與考古題，期中期末都很有幫助',280,'[\"https://res.cloudinary.com/df8kviidh/image/upload/v1782109619/F7801D_m1ehpo.jpg\"]','[\"資訊學群\"]','2026-06-04','輕度使用','販售中','[\"大二\"]','[\"台北市\"]','[\"教科書\",\"課本\"]'),(31,6,'機械設計學原文書','機械系必修教材，附重點筆記',450,'[\"https://res.cloudinary.com/df8kviidh/image/upload/v1782109693/images_knpzgc.jpg\"]','[\"書籍\",\"課本\",\"教科書\",\"專業器材\"]','2026-06-01','輕度使用','販售中','[\"大二\"]','[\"台中市\"]','[\"工程學群\"]'),(32,8,'Nintendo Switch Lite','功能正常，附保護殼',4200,'[\"https://res.cloudinary.com/df8kviidh/image/upload/v1782109734/switch-hyrule-pre-orders-header_ppw3ve.jpg\"]','[\"3C\",\"遊戲主機\",\"3C電子\"]','2026-06-01','中度使用','販售中','[\"大四以上\"]','[\"台北市\"]','[\"不拘\"]'),(33,9,'會計學課本','保存良好，適合商管相關課程',250,'[\"https://res.cloudinary.com/df8kviidh/image/upload/v1782109779/getImage_q6ljrn.webp\"]','[\"書籍\",\"課本\",\"教科書\"]','2026-06-01','近全新','已下架','[\"大一\"]','[\"台南市\"]','[\"管理學群\"]'),(34,1,'會跳舞的熊本熊','小時候家人硬塞給我的吉祥物，在教完他跳舞後我就不想要他了，努力一點說不定他還會幫你洗襪子',150,'[\"https://res.cloudinary.com/df8kviidh/image/upload/v1780368579/ershougo/vzf8ukuzdzig2crfbpkj.jpg\",\"https://res.cloudinary.com/df8kviidh/image/upload/v1780368581/ershougo/hnyu1acozqseotadhdnd.jpg\",\"https://res.cloudinary.com/df8kviidh/image/upload/v1780368584/ershougo/smvnxhlx3qiymeffqw3v.jpg\",\"https://res.cloudinary.com/df8kviidh/image/upload/v1780368865/ershougo/zea689rxflgpem0gwqtd.jpg\"]','[\"生活用品\"]','2026-06-01','中度使用','已下架','[\"大一\",\"大二\"]','[\"高雄市\",\"台南市\"]','[\"不拘\"]'),(35,3,'不會洗襪子的黑熊','前陣子網購入手，但怎麼都教不會洗襪子，故賠本出售',150,'[\"https://res.cloudinary.com/df8kviidh/image/upload/v1780333286/ershougo/h2d0rixp9omv2noiiprq.png\"]','[\"生活用品\"]','2026-06-02','輕度使用','販售中','[\"大一\",\"大二\"]','[\"高雄市\"]','[\"不拘\"]'),(36,1,'野生的宇宙人','圓圓的頭大大的眼睛還有細細的手腳，從51區捕捉到的，因為家人不准我養所以只能賣掉了，希望有好心人士願意帶走他',82000,'[\"https://res.cloudinary.com/df8kviidh/image/upload/v1780471840/ershougo/s9jqzujxjncqnpy4d4ge.png\",\"https://res.cloudinary.com/df8kviidh/image/upload/v1780471841/ershougo/x72w6fqxrm1ocqzt6ns3.png\"]','[\"專業器材\",\"醫學\"]','2026-06-03','近全新','販售中','[\"大一\",\"大二\",\"大三\",\"大四以上\"]','[\"桃園市\",\"台南市\"]','[\"生物資源學群\"]'),(37,2,'Logitech MX Master 3','功能正常，附原廠接收器',2200,'[\"https://res.cloudinary.com/df8kviidh/image/upload/v1782111872/images_zebcb9.jpg\"]','[\"3C電子\"]','2026-06-04','近全新','販售中','[\"大四\"]','[\"新竹市\"]','[\"工程學群\",\"資訊學群\"]'),(38,3,'高等微積分','數學系指定教材',380,'[\"https://res.cloudinary.com/df8kviidh/image/upload/v1782111930/getImage_liizjq.webp\"]','[\"教科書\"]','2026-06-04','中度使用','販售中','[\"大三\"]','[\"台中市\"]','[\"數理化學群\"]'),(39,4,'電競螢幕 24吋','144Hz，無亮點',3500,'[\"https://res.cloudinary.com/df8kviidh/image/upload/v1782112014/images_qz50v0.jpg\"]','[\"3C電子\"]','2026-06-04','輕度使用','販售中','[\"大四\"]','[\"高雄市\"]','[\"不拘\"]'),(40,5,'護理學原文書','內容完整無缺頁',550,'[\"https://res.cloudinary.com/df8kviidh/image/upload/v1782112050/images_ldpzx6.jpg\"]','[\"教科書\"]','2026-06-04','近全新','販售中','[\"大二\"]','[\"台南市\"]','[\"醫藥衛生學群\"]'),(41,6,'折疊腳踏車','代步方便，可直接騎走',2800,'[\"https://res.cloudinary.com/df8kviidh/image/upload/v1782112101/images_kuj00u.jpg\"]','[\"戶外運動\"]','2026-06-04','低度使用','販售中','[\"大三\"]','[\"桃園市\"]','[\"不拘\"]'),(42,7,'單眼相機 Canon 800D','快門數低，保存良好',12000,'[\"https://res.cloudinary.com/df8kviidh/image/upload/v1782112136/images_dlpcnb.jpg\"]','[\"3C電子\",\"專業器材\"]','2026-06-04','輕度使用','販售中','[\"大四\"]','[\"台北市\"]','[\"大眾傳播學群\"]'),(43,8,'行銷管理學','商管必修教材',320,'[\"https://res.cloudinary.com/df8kviidh/image/upload/v1782112172/images_ctlt3h.jpg\"]','[\"教科書\"]','2026-06-04','近全新','販售中','[\"大二\"]','[\"台中市\"]','[\"管理學群\"]'),(52,1,'Python程式設計課本','資訊系常用教材，附重點標記',320,'[\"https://res.cloudinary.com/df8kviidh/image/upload/v1782112306/images_w8ircz.jpg\"]','[\"教科書\"]','2026-06-06','輕度使用','販售中','[\"大一\"]','[\"台北市\"]','[\"資訊學群\"]'),(53,2,'工程力學講義','整理完整，含歷屆考題',180,'[\"https://res.cloudinary.com/df8kviidh/image/upload/v1782112481/images_gaqi7r.jpg\",\"https://res.cloudinary.com/df8kviidh/image/upload/v1782112486/images_fmzcnj.png\"]','[\"筆記考古\"]','2026-06-06','近全新','販售中','[\"大二\"]','[\"新竹市\"]','[\"工程學群\"]'),(54,3,'實驗用數位三用電表','功能正常，附電池',650,'[\"https://res.cloudinary.com/df8kviidh/image/upload/v1782112619/3ea93ef427-Gd-8836446_ebltlk.jpg\"]','[\"專業器材\"]','2026-06-06','中度使用','販售中','[\"大三\"]','[\"台中市\"]','[\"工程學群\"]'),(55,4,'宿舍曬衣架','可折疊收納，不占空間',220,'[\"https://res.cloudinary.com/df8kviidh/image/upload/v1782112703/2022726117331986414219_xpwraz.jpg\"]','[\"生活用品\"]','2026-06-06','輕度使用','販售中','[\"大一\"]','[\"高雄市\"]','[\"不拘\"]'),(56,5,'Logitech無線鍵盤','藍牙連線正常',750,'[\"https://res.cloudinary.com/df8kviidh/image/upload/v1782112922/P_20260622_152019_vknkts.jpg\"]','[\"3C電子\"]','2026-06-06','近全新','販售中','[\"大二\"]','[\"台南市\"]','[\"資訊學群\"]'),(57,6,'雙層書櫃','租屋搬家出售',1200,'[\"https://res.cloudinary.com/df8kviidh/image/upload/v1782113123/%E8%9E%A2%E5%B9%95%E6%93%B7%E5%8F%96%E7%95%AB%E9%9D%A2_2026-06-22_152436_xzaceu.png\",\"https://res.cloudinary.com/df8kviidh/image/upload/v1782113146/36611164977519-fc942412-69d0-4e5b-8730-d1bdcff63b89_kqwrpb.jpg\"]','[\"家具家電\"]','2026-06-06','中度使用','販售中','[\"大四以上\"]','[\"台中市\"]','[\"不拘\"]'),(58,7,'棒球隊紀念外套','尺寸XL，保暖舒適',450,'[\"https://res.cloudinary.com/df8kviidh/image/upload/v1782113186/images_alah0e.jpg\"]','[\"服飾配件\"]','2026-06-06','輕度使用','販售中','[\"大三\"]','[\"高雄市\"]','[\"不拘\"]'),(59,8,'露營折疊椅','攜帶方便，承重佳',380,'[\"https://res.cloudinary.com/df8kviidh/image/upload/v1782113284/images_eqadxs.jpg\"]','[\"戶外運動\"]','2026-06-06','近全新','販售中','[\"大二\"]','[\"花蓮縣\"]','[\"不拘\"]'),(60,9,'學士服出租後出售','畢業典禮穿過一次',600,'[\"https://encrypted-tbn0.gstatic.com/images?q=tbn:ANd9GcRa8XnnCumDaAseYSBjuV6WphZgTTZGSDhaYV2RwN6QCQ&s=10\"]','[\"畢業季\"]','2026-06-06','近全新','販售中','[\"大四以上\"]','[\"台北市\"]','[\"不拘\"]'),(61,10,'資料庫系統原文書','內容完整無劃記',420,'[\"https://res.cloudinary.com/df8kviidh/image/upload/v1782110377/d166597d32eea00b2745a2cc3e871525_nt5hwe.jpg\"]','[\"教科書\",\"筆記考古\"]','2026-06-06','輕度使用','販售中','[\"大二\"]','[\"桃園市\"]','[\"資訊學群\"]'),(62,1,'樹莓派開發板套組','专題完成後出售',1800,'[\"https://res.cloudinary.com/df8kviidh/image/upload/v1782113400/images_nvz9sg.jpg\"]','[\"專業器材\",\"3C電子\"]','2026-06-06','近全新','販售中','[\"大三\"]','[\"新竹市\"]','[\"工程學群\",\"資訊學群\"]'),(63,2,'小型電風扇','宿舍必備，可調整風速',280,'[\"https://res.cloudinary.com/df8kviidh/image/upload/v1782113440/images_xfqzwh.jpg\"]','[\"生活用品\",\"家具家電\"]','2026-06-06','中度使用','販售中','[\"大一\"]','[\"嘉義市\"]','[\"不拘\"]'),(64,3,'單眼相機背帶','加厚減壓設計',250,'[\"https://res.cloudinary.com/df8kviidh/image/upload/v1782113528/shopping_chwenf.webp\"]','[\"服飾配件\"]','2026-06-06','近全新','販售中','[\"大三\"]','[\"台南市\"]','[\"大眾傳播學群\"]'),(65,4,'羽毛球拍','附拍套，拍框無損傷',580,'[\"https://res.cloudinary.com/df8kviidh/image/upload/v1782113571/images_qhecgu.jpg\"]','[\"戶外運動\"]','2026-06-06','輕度使用','販售中','[\"大二\"]','[\"高雄市\"]','[\"遊憩與運動學群\"]'),(66,5,'面試西裝外套','畢業求職穿過兩次',900,'[\"https://res.cloudinary.com/df8kviidh/image/upload/v1782113624/images_pvzxrh.jpg\"]','[\"畢業季\",\"服飾配件\"]','2026-06-06','近全新','販售中','[\"大四以上\"]','[\"台中市\"]','[\"不拘\"]'),(67,6,'線性代數原文書','內容完整，附部分重點標記',350,'[\"https://res.cloudinary.com/df8kviidh/image/upload/v1782113700/images_p6bc9t.jpg\"]','[\"教科書\"]','2026-06-06','輕度使用','販售中','[\"大一\",\"大二\"]','[\"台北市\",\"新北市\"]','[\"資訊學群\",\"工程學群\"]'),(68,7,'醫學解剖模型','醫學相關課程使用',1800,'[\"https://res.cloudinary.com/df8kviidh/image/upload/v1782113830/61y3DEBIyYL._AC_UF894_1000_QL80__gaxvkd.jpg\"]','[\"專業器材\"]','2026-06-06','近全新','販售中','[\"大三\",\"大四以上\"]','[\"高雄市\"]','[\"醫藥衛生學群\",\"生命科學學群\"]'),(69,8,'宿舍懶人桌','床上讀書追劇都方便',250,'[\"https://res.cloudinary.com/df8kviidh/image/upload/v1782113951/images_ztfwq9.jpg\"]','[\"生活用品\"]','2026-06-06','中度使用','販售中','[\"不分年級\"]','[\"台中市\",\"彰化縣\"]','[\"不拘\"]'),(70,9,'Galaxy Tab S8','功能正常，附保護套',9800,'[\"https://res.cloudinary.com/df8kviidh/image/upload/v1782114118/images_cjchay.jpg\"]','[\"3C電子\"]','2026-06-06','近全新','販售中','[\"大二\",\"大三\",\"碩士\"]','[\"桃園縣\",\"新竹市\"]','[\"資訊學群\",\"管理學群\"]'),(71,10,'小型除濕機','租屋族必備',1300,'[\"https://res.cloudinary.com/df8kviidh/image/upload/v1782114195/n5kpnir7qekx4bw6mdzy.webp\"]','[\"家具家電\",\"生活用品\"]','2026-06-06','輕度使用','販售中','[\"不分年級\"]','[\"宜蘭縣\",\"花蓮縣\"]','[\"不拘\"]'),(72,1,'歷屆考古題總整理','收錄近五年考題與解析',200,'[\"https://res.cloudinary.com/df8kviidh/image/upload/v1782114286/images_b6o3ur.jpg\"]','[\"筆記考古\"]','2026-06-06','近全新','販售中','[\"大一\",\"大二\",\"大三\"]','[\"台南市\",\"高雄市\"]','[\"管理學群\",\"財經學群\"]'),(73,2,'校隊運動外套','防風保暖，尺寸M',480,'[\"https://res.cloudinary.com/df8kviidh/image/upload/v1782114475/images_vau2bd.jpg\"]','[\"服飾配件\"]','2026-06-06','輕度使用','販售中','[\"大一\",\"大二\"]','[\"嘉義市\",\"嘉義縣\"]','[\"遊憩與運動學群\"]'),(74,3,'登山杖一對','鋁合金材質，重量輕',700,'[\"https://res.cloudinary.com/df8kviidh/image/upload/v1782114705/images_eofnhb.jpg\"]','[\"戶外運動\"]','2026-06-06','中度使用','販售中','[\"不分年級\"]','[\"花蓮縣\",\"台東縣\"]','[\"不拘\"]'),(75,4,'畢業紀念學士帽','保存良好，可收藏',180,'[\"https://res.cloudinary.com/df8kviidh/image/upload/v1782114796/images_spnjw6.jpg\"]','[\"畢業季\"]','2026-06-06','近全新','販售中','[\"大四以上\"]','[\"台北市\",\"新北市\",\"桃園縣\"]','[\"不拘\"]'),(76,5,'3D列印機套件','專題製作完成後出售',5500,'[\"https://res.cloudinary.com/df8kviidh/image/upload/v1782114899/images_ald4ut.jpg\"]','[\"專業器材\",\"3C電子\"]','2026-06-06','中度使用','販售中','[\"大三\",\"大four以上\",\"碩士\"]','[\"新竹市\",\"台中市\"]','[\"工程學群\",\"建築與設計學群\"]'),(80,11,'男哥的筆記♥','陳建男老師親編筆記 後端轉職必讀 ! 幫助你 once again, 事業亨通 ! ',100000,'[\"https://res.cloudinary.com/df8kviidh/image/upload/v1782110276/P_20260622_143253_1_xcjm0o.jpg\"]','[\"教科書\",\"課本\",\"筆記考古\"]','2026-06-04','重度使用','販售中','[\"大四\"]','[\"高雄市\",\"台南市\"]','[\"資訊學群\"]'),(81,1,'男哥的筆記第二集','因為太認真了所以是重度使用，轉職必備 萬十祝你成功 once again, 200 successfully !',100000,'[\"https://res.cloudinary.com/df8kviidh/image/upload/v1782110244/P_20260622_143404_1_bytw2z.jpg\"]','[\"筆記考古\",\"生活用品\"]','2026-06-08','重度使用','販售中','[\"大一\"]','[\"高雄市\"]','[\"不拘\",\"管理學群\"]'),(82,1,'iPad Air 4 附原廠手寫筆','【全套出清 • 筆記繪圖神隊友】\n這台 iPad Air 4 是大二時為了全面數位化、無紙化筆記而買的。配合 Apple Pencil 2，不論是在 GoodNotes 上寫微積分微縮筆記、畫解剖圖，還是在課堂上直接在教授的簡報 PDF 上做註記，效率都高到不行！\n\n■ 規格與附贈配件：\n1. 容量為 64GB，WiFi 版本，日常看影片、查資料、寫筆記絕對夠用。\n2. ★超值全包：附贈 Apple Pencil 2 代原廠手寫筆（單買就要四千多），以及一個剛換新不久的類紙膜保護貼與磁吸保護殼。\n\n■ 物況說明：\n外觀有正常的輕微使用痕跡，但無任何大摔傷或撞擊凹痕。螢幕發色完美無亮點，觸控與 Apple Pencil 感應皆非常靈敏。電量健康度良好，上課一整天不帶充電器也完全撐得住。\n\n■ 轉讓原因：\n最近大四畢業專題結束，家人送了新筆電，平板的使用率變低，決定便宜讓給想要嘗試數位筆記的學弟妹。高雄地區皆可面交檢查機況，歡迎現場試寫！',900,'[\"https://res.cloudinary.com/df8kviidh/image/upload/v1782115184/images_tyymyo.jpg\"]','[\"3C電子\",\"專業器材\"]','2026-06-06','近全新','販售中','[\"大四以上\"]','[\"高雄市\"]','[\"不拘\"]'),(83,2,'Sony 藍牙主動降噪耳機','【期末考K書神器 • 降噪藍牙耳機】\n這款 Sony 旗艦級耳機是專門為了在吵雜的環境中專心讀書而買的。當宿舍室友在大聲打遊戲、或者圖書館期末考人滿為患非常浮躁時，只要戴上它開啟主動降噪，瞬間整個世界都安靜了，直接進入深度心流狀態，是絕對的歐趴神器！\n\n■ 優勢功能介紹：\n- 頂級主動降噪：能完美隔絕冷氣運轉聲、鍵盤敲擊聲與人聲密集的雜音。\n- 音質極佳，低音渾厚，且耳罩非常柔軟包覆，長時間配戴眼鏡也不會覺得壓耳。\n- 續航力驚人，充電一次可以用三十小時，還支援藍牙多點連接。\n\n■ 現況狀況：\n保存得非常乾淨，平時沒有流汗時配戴，使用後都會用酒精濕紙巾輕輕擦拭。耳罩皮革完整無脫皮、無異味。功能完全正常，附原廠精緻收納盒、Type-C 充電線與 3.5mm 音源線。\n\n■ 售出原因：\n畢業即將搬回台北，行李減量清空物品，所以賠本出清。台北市市中心或特定捷運站皆可約面交當場試聽。',3500,'[\"https://res.cloudinary.com/df8kviidh/image/upload/v1782115240/images_cnik4n.jpg\"]','[\"3C電子\"]','2026-06-04','輕度使用','販售中','[\"大四\"]','[\"台北市\"]','[\"資訊學群\",\"工程學群\"]'),(84,3,'經濟學原理','【商管學群必備 • 經濟學聖經套書】\n這套《經濟學原理》是大一商管學群（企管、財金、會計、行銷）所有科系必修的核心教科書。書中內容由淺入深，圖表清晰，是打好資料分析與計量經濟基礎的骨幹書籍。期中期末考許多題目都是從書中的習題直接演變而來！\n\n■ 書籍狀況與內容：\n1. 包含上冊（微觀經濟）與下冊（總體經濟）整套不拆賣。\n2. 書本內部保存大約八九成新，只有期中考前用螢光筆劃記過少數重點，完全沒有缺頁、水漬或嚴重破損，封面有包透明書套。\n3. ★額外福利：買書直接打包贈送我自己整理的各章節期中期末考重點心智圖電子檔，以及近年歷屆助教課的小考考古題！\n\n■ 傳承寄語：\n當初靠這套書跟精華筆記順利拿到了 A+ 高分。現在大三必修課比較多，課本放著用不到，決定便宜傳承給大一、大二正在跟經濟學苦戰的學弟妹。台中各大校區或周邊皆可約面交，這本很重強烈建議面交！',300,'[\"https://res.cloudinary.com/df8kviidh/image/upload/v1782115393/images_k7kq3i.jpg\"]','[\"書籍\",\"統計\",\"教科書\"]','2026-06-01','輕度使用','販售中','[\"大二\"]','[\"台中市\"]','[\"管理學群\"]'),(85,4,'米家 LED 智慧護眼檯燈','【宿舍熬夜K書必備 • 智慧護眼檯燈】\n這台米家智慧檯燈 1S 是租屋開學時必買的宿舍好物。宿舍自帶的日光燈通常不夠亮或是有死角，這台檯燈能提供非常均勻且寬廣的照明，並且通過了專業防頻閃與無藍光危害認證。半夜在宿舍熬夜趕專題、寫程式、讀原文書時，眼睛完全不會感到乾澀或疲勞！\n\n■ 產品特色與亮點：\n- 支援多種模式：有專門的電腦模式、讀書模式與番茄鐘工作模式，能自動調節到最舒適的色溫。\n- 智慧連網：可以用手機 App 遠端開關或調整亮度，設計極簡高顏值，擺在書桌上質感瞬間升級。\n\n■ 物品狀況：\n外觀乾淨無瑕疵，底座和支架都保養得很好，旋鈕功能靈敏，燈管發光完全正常，無任何衰減。附原廠電源線與原廠完整盒裝。\n\n■ 出售原因：\n大四即將畢業搬遷，租屋處物件大出清，帶不走只好便宜賣。台南校區附近皆可約時間面交，機車非常好載，有需要的學弟妹歡迎點擊發送購買請求。',1800,'[\"https://res.cloudinary.com/df8kviidh/image/upload/v1782115441/images_skezkn.jpg\"]','[\"家電\",\"家具家電\",\"生活用品\"]','2026-06-06','近全新','販售中','[\"大三\"]','[\"台南市\"]','[\"資訊學群\"]'),(86,5,'智慧空氣淨化器','【租屋小套房神機 • 智慧空氣淨化器】\n這台空氣淨化器是外宿租屋族、過敏體質同學的救星！很多學校周邊的租屋小套房通風不好，很容易有霉味、灰塵，或是室友抽菸累積的異味。這台機器體積小巧，但淨化速度極快，開機十分鐘就能讓房間的空氣變得像森林一樣清新，呼吸空間感直接拉滿！\n\n■ 功能亮點：\n1. 搭載高效三合一濾網，能強力過濾 PM2.5、塵蟎、寵物毛髮與過敏原。\n2. 靜音睡眠模式超有感：晚上睡覺開啟完全聽不到聲音，完全不影響睡眠品質。\n3. 支援 App 連線，在學校上完課回宿舍前，可以先用手機遠端開啟淨化房間。\n\n■ 現況說明：\n輕度使用痕跡，外觀固定擦拭無髒污，機器運轉完全順暢。目前裡面的濾網壽命還剩餘大約 65%，拿回去可以直接使用不需要馬上更換新濾網。\n\n■ 轉讓因由：\n研究所考回南部老家，南部家裡已經有大台的淨化器，這台帶回去太佔行李空間，因此折價割愛。宜蘭或花蓮地區皆可面交，附原廠紙箱，搬運載送方便。',1300,'[\"https://res.cloudinary.com/df8kviidh/image/upload/v1782115486/images_oqaa30.jpg\"]','[\"家具家電\",\"生活用品\"]','2026-06-06','輕度使用','販售中','[\"不分年級\"]','[\"宜蘭縣\",\"花蓮縣\"]','[\"不拘\"]'),(87,1,'資工筆記','資料傳遞相關筆記，因課程課程課程pass以及沒有寫的恨詳細低價售出',100,'[\"https://res.cloudinary.com/df8kviidh/image/upload/v1782031453/ershougo/h0gq9tozrpt1iusg4azf.jpg\",\"https://res.cloudinary.com/df8kviidh/image/upload/v1782031455/ershougo/qmpwcj2r5gjntdxygi17.jpg\"]','[\"教科書\",\"課本\",\"筆記考古\"]','2026-06-21','中度使用','已下架','[\"大三\"]','[\"台南市\"]','[\"資訊學群\"]'),(88,4,'資工筆記','資料傳遞相關筆記，因課程課程課程pass以及沒有寫的恨詳細低價售出',800,'[\"https://res.cloudinary.com/df8kviidh/image/upload/v1782031453/ershougo/h0gq9tozrpt1iusg4azf.jpg\",\"https://res.cloudinary.com/df8kviidh/image/upload/v1782031455/ershougo/qmpwcj2r5gjntdxygi17.jpg\"]','[\"教科書\",\"課本\",\"筆記考古\"]','2026-06-21','中度使用','販售中','[\"大三\"]','[\"台南市\"]','[\"資訊學群\"]');
/*!40000 ALTER TABLE `product` ENABLE KEYS */;
UNLOCK TABLES;

--
-- Table structure for table `report`
--

DROP TABLE IF EXISTS `report`;
/*!40101 SET @saved_cs_client     = @@character_set_client */;
/*!50503 SET character_set_client = utf8mb4 */;
CREATE TABLE `report` (
  `report_id` int NOT NULL AUTO_INCREMENT,
  `product_id` int DEFAULT '0',
  `accused_id` int DEFAULT '0',
  `complainant_id` int NOT NULL DEFAULT '0',
  `description` varchar(200) NOT NULL DEFAULT '0',
  `file_path` varchar(500) NOT NULL,
  `report_date` date NOT NULL,
  `status` varchar(45) NOT NULL,
  `type` varchar(45) NOT NULL,
  `violation_type` varchar(45) DEFAULT NULL,
  `note` varchar(45) DEFAULT NULL,
  PRIMARY KEY (`report_id`)
) ENGINE=InnoDB AUTO_INCREMENT=6 DEFAULT CHARSET=utf8mb4 COLLATE=utf8mb4_0900_ai_ci;
/*!40101 SET character_set_client = @saved_cs_client */;

--
-- Dumping data for table `report`
--

LOCK TABLES `report` WRITE;
/*!40000 ALTER TABLE `report` DISABLE KEYS */;
INSERT INTO `report` VALUES (1,3,0,1,'ㄊㄇ的這隻熊根本不會跳舞，每天還都限定要吃K壽司的鮭魚X的咧有這個錢我不如去養一隻真的黑熊，這根本就是詐欺！！！','[\"https://res.cloudinary.com/df8kviidh/image/upload/v1780442495/ershougo/tnprmrxhkt2w7ae63gcu.jpg\",\"https://res.cloudinary.com/df8kviidh/image/upload/v1780442497/ershougo/idbsuckp8mghk4ekqrfe.jpg\"]','2026-06-03','已處裡','商品','物品與描述不同','檢舉內容無效或與事實不符，駁回檢舉'),(2,0,4,1,'長得太像肥宅，還賣健身器材，怎麼不自己先用','[\"https://res.cloudinary.com/df8kviidh/image/upload/v1780442495/ershougo/tnprmrxhkt2w7ae63gcu.jpg\",\"https://res.cloudinary.com/df8kviidh/image/upload/v1780442497/ershougo/idbsuckp8mghk4ekqrfe.jpg\"]','2026-06-03','已處裡','使用者','其他','檢舉內容無效或與事實不符，駁回檢舉'),(3,0,4,1,'長得太像肥宅，還賣健身器材，怎麼不自己先用','[\"https://res.cloudinary.com/df8kviidh/image/upload/v1780466069/ershougo/mtpdy4wi4a4jfmsyvfns.jpg\"]','2026-06-03','已處裡','使用者','其他','檢舉內容無效或與事實不符，駁回檢舉'),(4,33,0,1,'幹吉掰，我打錯商品編號了。ㄊㄇ的這隻熊根本不會跳舞，每天還都限定要吃K壽司的鮭魚X的咧有這個錢我不如去養一隻真的黑熊，這根本就是詐欺！！！','[\"https://res.cloudinary.com/df8kviidh/image/upload/v1780442495/ershougo/tnprmrxhkt2w7ae63gcu.jpg\",\"https://res.cloudinary.com/df8kviidh/image/upload/v1780442497/ershougo/idbsuckp8mghk4ekqrfe.jpg\"]','2026-06-03','已處裡','商品','物品與描述不同','檢舉內容無效或與事實不符，駁回檢舉'),(5,0,3,1,'陳語涵不付錢~~~~~~~~~~~~','[\"https://res.cloudinary.com/df8kviidh/image/upload/v1781489986/ershougo/diaeoalbeqnoowcurjvs.png\"]','2026-06-15','已處理','使用者','詐騙（釣魚連結、假客服）','確認檢舉內容屬實，已停權使用者');
/*!40000 ALTER TABLE `report` ENABLE KEYS */;
UNLOCK TABLES;

--
-- Table structure for table `school`
--

DROP TABLE IF EXISTS `school`;
/*!40101 SET @saved_cs_client     = @@character_set_client */;
/*!50503 SET character_set_client = utf8mb4 */;
CREATE TABLE `school` (
  `school_id` int NOT NULL AUTO_INCREMENT,
  `school` varchar(45) NOT NULL,
  PRIMARY KEY (`school_id`)
) ENGINE=InnoDB DEFAULT CHARSET=utf8mb4 COLLATE=utf8mb4_0900_ai_ci;
/*!40101 SET character_set_client = @saved_cs_client */;

--
-- Dumping data for table `school`
--

LOCK TABLES `school` WRITE;
/*!40000 ALTER TABLE `school` DISABLE KEYS */;
/*!40000 ALTER TABLE `school` ENABLE KEYS */;
UNLOCK TABLES;

--
-- Table structure for table `score`
--

DROP TABLE IF EXISTS `score`;
/*!40101 SET @saved_cs_client     = @@character_set_client */;
/*!50503 SET character_set_client = utf8mb4 */;
CREATE TABLE `score` (
  `user_id` int NOT NULL,
  `base_score` varchar(45) NOT NULL,
  `click` varchar(45) NOT NULL,
  `score` int DEFAULT '0',
  PRIMARY KEY (`user_id`)
) ENGINE=InnoDB DEFAULT CHARSET=utf8mb4 COLLATE=utf8mb4_0900_ai_ci;
/*!40101 SET character_set_client = @saved_cs_client */;

--
-- Dumping data for table `score`
--

LOCK TABLES `score` WRITE;
/*!40000 ALTER TABLE `score` DISABLE KEYS */;
/*!40000 ALTER TABLE `score` ENABLE KEYS */;
UNLOCK TABLES;

--
-- Table structure for table `user`
--

DROP TABLE IF EXISTS `user`;
/*!40101 SET @saved_cs_client     = @@character_set_client */;
/*!50503 SET character_set_client = utf8mb4 */;
CREATE TABLE `user` (
  `user_id` int NOT NULL AUTO_INCREMENT,
  `user_email` varchar(60) NOT NULL,
  `user_name` varchar(45) NOT NULL,
  `password` varchar(100) NOT NULL,
  `phone` varchar(20) DEFAULT NULL,
  `location` varchar(45) NOT NULL,
  `school` varchar(60) NOT NULL,
  `department` varchar(45) DEFAULT NULL,
  `status` varchar(45) NOT NULL,
  `verified` date DEFAULT NULL,
  `good_level` float DEFAULT '0',
  `msg` varchar(200) DEFAULT NULL,
  `img_path` varchar(500) DEFAULT 'https://res.cloudinary.com/df8kviidh/image/upload/v1780243053/default_avatar_lvgh1a.png',
  `create_date` datetime NOT NULL DEFAULT CURRENT_TIMESTAMP,
  `note` varchar(45) DEFAULT NULL,
  PRIMARY KEY (`user_id`)
) ENGINE=InnoDB AUTO_INCREMENT=23 DEFAULT CHARSET=utf8mb4 COLLATE=utf8mb4_0900_ai_ci;
/*!40101 SET character_set_client = @saved_cs_client */;

--
-- Dumping data for table `user`
--

LOCK TABLES `user` WRITE;
/*!40000 ALTER TABLE `user` DISABLE KEYS */;
INSERT INTO `user` VALUES (1,'U10337005@o365.mcut.edu.tw','王小阿明','$2a$10$NppacbJc12mKzN39O..Nae6kQd6VeLIcvwm24AYjYSxggwEu8quTa','09-33256789','[\"高雄市\",\"臺南市\"]','南臺科技大學','資訊工程系','正常','2026-05-31',1.66667,'','https://res.cloudinary.com/df8kviidh/image/upload/v1780370841/ershougo/arjvqmvlh8xomburxky3.png','2026-05-31 17:21:37',NULL),(2,'u11233001@stust.edu.tw','林柏宇','$2a$10$7fHb.RcxD/rnm8hqbVixEu3DRDb1jemLzbzOVyZnY7Hnl3ovQuR0C','09-11222333','[\"臺南市\"]','南臺科技大學','資訊工程系','正常','2026-06-01',4.8,'喜歡面交','https://res.cloudinary.com/df8kviidh/image/upload/v1780243053/default_avatar_lvgh1a.png','2026-06-01 09:15:22',NULL),(3,'u11233002@stust.edu.tw','陳語涵','$2a$10$A31Sp4CTZmc1oxjB1vbIyOAJ5RhLVDndQ3av0i2jHZ5PFzZwFNGqa','09-22333444','[\"臺中市\"]','逢甲大學','企業管理學系','停權','2026-06-01',3,NULL,'https://res.cloudinary.com/df8kviidh/image/upload/v1780243053/default_avatar_lvgh1a.png','2026-06-01 10:22:31','詐騙（釣魚連結、假客服）（案件編號：5）'),(4,'4A50006@stust.edu.tw','宇宙人','$2a$10$F2C2IdoAFNzovWsLThjEnuLoaZFbVZtk/9OLbc3O4XIoxsuxSiDhG','09-78555978','[\"臺南市\"]','南臺科技大學',NULL,'正常','2026-06-03',0,NULL,'https://res.cloudinary.com/df8kviidh/image/upload/v1780243053/default_avatar_lvgh1a.png','2026-06-03 08:29:04',NULL),(5,'123456@nthu.gapp.edu.tw','李吉娃娃','$2a$10$oH0Kpfx0wbut2RpGKxsIK.OJUBinrwFS9pPs3muj5vYAarcwUpIZ6','09-32213539','[\"高雄市\",\"新竹市\"]','國立清華大學','生命科學系','正常','2026-06-03',5,'地獄獵犬','https://res.cloudinary.com/df8kviidh/image/upload/v1781943187/ershougo/o4f4zz9vqwjvmdsnbevt.jpg','2026-06-06 13:29:20',NULL),(6,'u11233003@ncku.edu.tw','張家豪','$2a$10$mzS75hmkk97WAFCPUlx6p.xFG70vqseTrkJA8pyUffmYW3NR7mFCW','09-33444555','[\"臺南市\"]','國立成功大學','電機工程學系','正常','2026-06-02',4.9,'回覆速度快','https://res.cloudinary.com/df8kviidh/image/upload/v1780243053/default_avatar_lvgh1a.png','2026-06-02 14:01:33',NULL),(7,'u11233004@nccu.edu.tw','李吉利壞寶寶','$2a$10$6eEfn3XY5kiBZ3qO/QR93.nPTfCRetktSvu2QjeuzI4.z4pRZUMrC','09-44567890','[\"高雄市\",\"臺中市\",\"新竹市\"]','國立清華大學','114秋季班國際半導體暨IC設計產業人才專班','正常','2026-06-02',4.5,'汪','https://res.cloudinary.com/df8kviidh/image/upload/v1781938390/ershougo/ecdj4lmiu0wcmeas4co1.jpg','2026-06-02 18:45:20',NULL),(8,'u11233005@mail.nsysu.edu.tw','吳承恩','$2a$10$IpzDL3Q7D07De346DibEg.LwWSPxKLKk4/J6G/zfYqC2J71Or50yW','09-55666777','[\"高雄市\"]','國立中山大學','資訊管理學系','正常','2026-06-03',4.7,'假日可面交','https://res.cloudinary.com/df8kviidh/image/upload/v1780243053/default_avatar_lvgh1a.png','2026-06-03 11:20:08',NULL),(9,'u11233006@mail.ncku.edu.tw','蔡依庭','$2a$10$hHqQ.1mXphdkTjC20g3RAeQBNTk3YNM9U/k0IvIpCWdfIrUDCUYGK','09-66777888','[\"臺南市\"]','國立成功大學','建築學系','正常','2026-06-03',4.3,NULL,'https://res.cloudinary.com/df8kviidh/image/upload/v1780243053/default_avatar_lvgh1a.png','2026-06-03 16:05:12',NULL),(10,'u11233007@gm.ttu.edu.tw','楊博鈞','$2a$10$BFKpLwJuhXWcEad2koHQOOk8DB6Teta0rbAZdMropeonbKGvYPKem','09-77888999','[\"臺北市\"]','大同大學','機械工程學系','正常','2026-06-04',4.4,NULL,'https://res.cloudinary.com/df8kviidh/image/upload/v1780243053/default_avatar_lvgh1a.png','2026-06-04 08:30:45',NULL),(11,'u11233008@mail.nptu.edu.tw','蘇東坡','$2a$10$R9rNUbbqGxP6xOLC1xp8o.ESC95zj7ijKMQkCG88HW8ZdfSnfkSHC','09-87878787','[\"新竹市\"]','國立清華大學','中國語文學系語文教師碩士在職專班','正常','2026-06-04',4.6,'明月幾時有？把酒問青天。\n不知天上宮闕，今夕是何年。\n我欲乘風歸去，又恐瓊樓玉宇，\n高處不勝寒。\n起舞弄清影，何似在人間！\n\n轉朱閣，低綺戶，照無眠。\n不應有恨，何事長向別時圓！\n人有悲歡離合，月有陰晴圓缺，此事古難全。\n但願人長久，千里共嬋娟。\n\n豬肉超好吃','https://res.cloudinary.com/df8kviidh/image/upload/v1781359022/ershougo/jltzpasl3i5hnh6b8gk2.png','2026-06-04 13:17:52',NULL),(12,'u11233009@mail.ncu.edu.tw','鄭凱文','$2a$10$6td/84qriHjWC.2kyvzztenVb84E8u7AnPRS4Fliy5UuU7JZ2Sh4O','09-12345678','[\"桃園市\"]','國立中央大學','資訊工程學系','正常','2026-06-05',4.8,NULL,'https://res.cloudinary.com/df8kviidh/image/upload/v1780243053/default_avatar_lvgh1a.png','2026-06-05 09:48:26',NULL),(13,'u11233010@ntu.edu.tw','劉怡君','$2a$10$x21IL50U1/LhF4tGA5eHLeBfu22VNkWATPE8qw1.6.7paxOg5RGCy','09-23456789','[\"臺北市\"]','國立臺灣大學','法律學系','正常','2026-06-05',4.9,'誠信交易','https://res.cloudinary.com/df8kviidh/image/upload/v1780243053/default_avatar_lvgh1a.png','2026-06-05 15:26:11',NULL),(14,'u11233011@mail.cycu.edu.tw','周冠廷','$2a$10$SSQ9wI3GJgvJk7icZuJFfO9ItG9EiOk/xxbs16pTmSArVyEsO6arW','09-34567890','[\"桃園市\"]','中原大學','電子工程學系','正常','2026-06-06',4.2,NULL,'https://res.cloudinary.com/df8kviidh/image/upload/v1780243053/default_avatar_lvgh1a.png','2026-06-06 10:12:38',NULL),(15,'u11233012@mail.fcu.edu.tw','500你是我的花朵','$2a$10$dajQf44x0bMIa6Z0IQiWXOUvzu6Bo/cBG.yYcvyp08p35vz0wx/IS','09-50004586','[\"臺中市\"]','國立清華大學','音樂學系','正常','2026-06-06',4.7,'我要擁有你 插在我心窩','https://res.cloudinary.com/df8kviidh/image/upload/v1781938275/ershougo/abxpp6rshr1ddkgjabt4.jpg','2026-06-06 21:03:57',NULL);
/*!40000 ALTER TABLE `user` ENABLE KEYS */;
UNLOCK TABLES;

--
-- Table structure for table `violation`
--

DROP TABLE IF EXISTS `violation`;
/*!40101 SET @saved_cs_client     = @@character_set_client */;
/*!50503 SET character_set_client = utf8mb4 */;
CREATE TABLE `violation` (
  `user_email` varchar(60) NOT NULL,
  `violation_id` int NOT NULL AUTO_INCREMENT,
  `violation_type` varchar(45) DEFAULT NULL,
  `violation_at` date NOT NULL,
  PRIMARY KEY (`violation_id`,`user_email`)
) ENGINE=InnoDB DEFAULT CHARSET=utf8mb4 COLLATE=utf8mb4_0900_ai_ci;
/*!40101 SET character_set_client = @saved_cs_client */;

--
-- Dumping data for table `violation`
--

LOCK TABLES `violation` WRITE;
/*!40000 ALTER TABLE `violation` DISABLE KEYS */;
/*!40000 ALTER TABLE `violation` ENABLE KEYS */;
UNLOCK TABLES;

--
-- Table structure for table `wish`
--

DROP TABLE IF EXISTS `wish`;
/*!40101 SET @saved_cs_client     = @@character_set_client */;
/*!50503 SET character_set_client = utf8mb4 */;
CREATE TABLE `wish` (
  `id` bigint NOT NULL AUTO_INCREMENT,
  `user_id` bigint NOT NULL,
  `title` varchar(100) NOT NULL,
  `description` text,
  `type` varchar(255) DEFAULT NULL,
  `budget_min` int DEFAULT '0',
  `budget_max` int DEFAULT '0',
  `status` varchar(20) DEFAULT 'active',
  `created_at` datetime DEFAULT CURRENT_TIMESTAMP,
  `expired_at` datetime DEFAULT NULL,
  `location` varchar(225) DEFAULT NULL,
  PRIMARY KEY (`id`),
  KEY `idx_status` (`status`),
  KEY `idx_category` (`type`),
  KEY `idx_user` (`user_id`)
) ENGINE=InnoDB AUTO_INCREMENT=19 DEFAULT CHARSET=utf8mb4 COLLATE=utf8mb4_0900_ai_ci;
/*!40101 SET character_set_client = @saved_cs_client */;

--
-- Dumping data for table `wish`
--

LOCK TABLES `wish` WRITE;
/*!40000 ALTER TABLE `wish` DISABLE KEYS */;
INSERT INTO `wish` VALUES (1,1,'徵求資料結構課本','希望是近兩年版本，書況良好即可。','[\"書籍\",\"課本\",\"教科書\",\"筆記考古\"]',200,500,'active','2026-06-10 14:30:00','2026-07-10 14:30:00','[\"桃園縣\",\"新竹市\"]'),(2,2,'徵求二手機械鍵盤','紅軸或茶軸皆可，希望附原廠配件。','[\"3C電子\"]',800,2000,'school-only','2026-06-11 09:15:00','2026-07-11 09:15:00','[\"桃園縣\",\"新竹市\"]'),(3,3,'徵求微積分筆記','大一微積分完整筆記，電子檔也可以。','[\"書籍\",\"課本\",\"教科書\",\"筆記考古\"]',100,300,'active','2026-06-12 16:40:00','2026-07-12 16:40:00','[\"桃園縣\",\"新竹市\"]'),(4,4,'徵求宿舍小冰箱','容量不限，希望功能正常。','[\"家具家電\"]',1000,3000,'active','2026-06-13 11:20:00','2026-07-13 11:20:00','[\"桃園縣\",\"新竹市\"]'),(5,5,'徵求計算機 CASIO fx-991','考試可使用型號，外觀不拘。','[\"專業器材\"]',300,800,'school-only','2026-06-14 08:00:00','2026-07-14 08:00:00','[\"桃園縣\",\"新竹市\"]'),(6,6,'徵求羽球拍','Yonex 或 Victor 皆可，拍框不要有裂痕。','[\"戶外運動\"]',500,2500,'active','2026-06-14 13:50:00','2026-07-14 13:50:00','[\"新竹市\",\"台中市\"]'),(7,7,'The C Programming Language, 2nd edition ','先來個冷笑話 有一個型男很懂衣服怎麼穿搭，有一天他走在路上，有人跟他說: \"哇賽! 你超會搭!!\" 型男就燒焦了。 <徵書> 書名: The C Programming Language, 2nd edition','[\"課本\"]',1500,5000,'active','2026-06-14 17:30:00','2026-07-14 17:30:00','[\"新竹市\",\"台中市\"]'),(8,8,'徵求管理學原文書','老師指定版本，書況八成新以上。','[\"書籍\",\"課本\",\"教科書\",\"筆記考古\"]',300,700,'active','2026-06-15 10:00:00','2026-07-15 10:00:00','[\"新竹市\",\"台中市\"]'),(9,9,'徵求單人床墊','搬宿舍用，希望能自取。','[\"家具家電\"]',500,2000,'school-only','2026-06-15 15:45:00','2026-07-15 15:45:00','[\"新竹市\",\"台中市\"]'),(10,10,'徵求 Python 程式設計筆記','上課整理的重點筆記或考古題。','[\"書籍\",\"教科書\",\"筆記考古\"]',100,500,'active','2026-06-15 18:20:00','2026-07-15 18:20:00','[\"新竹市\",\"台中市\"]'),(11,5,'男哥親簽講義','錢都給你了，我真的很需要男哥的親簽，拜託禪讓給我','[\"書籍\",\"課本\",\"教科書\",\"筆記考古\"]',100,3000000,'active','2026-06-14 21:05:58','2026-07-14 21:05:58','[\"新竹市\",\"高雄市\"]'),(12,5,'徵 Nintendo Switch 一代 二手機','暑假想徵一台 Switch 來打發時間～ 希望是近五年內購入，功能正常、可正常遊玩即可。 基本配件希望有主機、Joy-Con、底座、充電器。 外觀有正常使用痕跡可接受，但螢幕不要嚴重刮傷、Joy-Con 不要漂移。 盒裝有無皆可，有遊戲片、保護殼、記憶卡也可以一起報價。 麻煩私訊提供購買年份、主機狀況、配件內容、照片與價格。 可台北／新竹面交，謝謝！','[\"3C電子\"]',0,200,'school-only','2026-06-14 21:08:26','2026-07-14 21:08:26','[\"新竹市\",\"台北市\"]'),(15,7,'徵 禮拜三很閒又想看電鋸人的人','剛看完胃很痛 沒特典海報頭更痛\n徵人下周三去幫排海報 你的電影票我出 \n或是其他酬勞可議\n更目前找到人了 他如果失敗我在直接350買海報','null',0,10000,'active','2026-06-20 14:40:37','2026-07-20 14:40:37','[\"新竹市\"]'),(16,11,'代友徵 【急徵】新版碩士袍 6/13畢業典禮用','日期:6/13或6/13下午\n尺寸:希望可以L或L以上\n租金:由你出價，可議\n沒有候補上碩士袍，想要借一件6/13畢業典禮拍照用，想徵求有沒有人當天可以出借，非常感謝。','null',0,888,'school-only','2026-06-20 15:01:51','2026-07-20 15:01:51','[\"新竹市\"]'),(17,7,'代徵家教 徵求】國九數學到府家教（新竹市）','?地點：新竹市（磐石中學附近）\n?‍?學生：今年升國九\n?科目：數學\n?程度：學習較慢較被動，基礎教起，也希望跟隨學校進度\n?上課時間：\n平日晚間（時間可討論）\n一次約2小時\n?鐘點費：（可面談）\n?需求條件：\n    1.    數理基礎觀念清楚（相關科系佳）\n    2.    有耐心，能從「最基本」教起\n    3.    能用生活例子講解（讓學生聽得懂）\n    4.    有教學經驗者佳\n?其他說明：\n希望老師能先試教，確認學生能否適應教學方式\n?聯絡方式：麻煩將簡歷和聯絡方式傳給我\n我再整理傳給家長\n? 備註：學生較沒信心，希望老師能引導建立基礎與學習信心','null',0,0,'school-only','2026-06-21 16:24:29','2026-07-21 16:24:29','[\"新竹市\"]'),(18,7,'<徵> 線性代數 李瑞光上課用書','學期過了三分之一才發現自己喜歡摸的到的感覺\n佛系徵書，意者私訊，感恩~','null',0,0,'school-only','2026-06-21 16:34:18','2026-07-21 16:34:18','[\"新竹市\"]');
/*!40000 ALTER TABLE `wish` ENABLE KEYS */;
UNLOCK TABLES;
/*!40103 SET TIME_ZONE=@OLD_TIME_ZONE */;

/*!40101 SET SQL_MODE=@OLD_SQL_MODE */;
/*!40014 SET FOREIGN_KEY_CHECKS=@OLD_FOREIGN_KEY_CHECKS */;
/*!40014 SET UNIQUE_CHECKS=@OLD_UNIQUE_CHECKS */;
/*!40101 SET CHARACTER_SET_CLIENT=@OLD_CHARACTER_SET_CLIENT */;
/*!40101 SET CHARACTER_SET_RESULTS=@OLD_CHARACTER_SET_RESULTS */;
/*!40101 SET COLLATION_CONNECTION=@OLD_COLLATION_CONNECTION */;
/*!40111 SET SQL_NOTES=@OLD_SQL_NOTES */;

-- Dump completed on 2026-06-24  9:57:06
